Date,Home_Price_Index,Interest_Rate,GDP_Growth,Unemployment_Rate,Construction_Cost,Population_Growth,Median_Household_Income,Housing_Starts,Mortgage_Rate
2004-01-01,,,,,,,54060.0,,
2004-07-01,151.338,1.26,3.8,5.5,162.2,293350.0,,2002.0,
2004-07-29,,,,,,,,,6.08
2004-08-01,152.634,1.43,,5.4,165.9,293603.0,,2024.0,
2004-08-05,,,,,,,,,5.99
2004-08-12,,,,,,,,,5.85
2004-08-19,,,,,,,,,5.81
2004-08-26,,,,,,,,,5.82
2004-09-01,154.18,1.61,,5.4,167.2,293857.0,,1905.0,
2004-09-02,,,,,,,,,5.77
2004-09-09,,,,,,,,,5.83
2004-09-16,,,,,,,,,5.75
2004-09-23,,,,,,,,,5.7
2004-09-30,,,,,,,,,5.72
2004-10-01,155.752,1.76,4.1,5.5,165.9,294104.0,,2072.0,
2004-10-07,,,,,,,,,5.82
2004-10-14,,,,,,,,,5.74
2004-10-21,,,,,,,,,5.69
2004-10-28,,,,,,,,,5.64
2004-11-01,157.528,1.93,,5.4,165.5,294337.0,,1782.0,
2004-11-04,,,,,,,,,5.7
2004-11-11,,,,,,,,,5.76
2004-11-18,,,,,,,,,5.74
2004-11-24,,,,,,,,,5.72
2004-12-01,159.33100000000002,2.16,,5.4,166.3,294561.0,,2042.0,
2004-12-02,,,,,,,,,5.81
2004-12-09,,,,,,,,,5.71
2004-12-16,,,,,,,,,5.68
2004-12-22,,,,,,,,,5.75
2004-12-29,,,,,,,,,5.81
2005-01-01,161.289,2.28,4.5,5.3,168.6,294768.0,56190.0,2144.0,
2005-01-06,,,,,,,,,5.77
2005-01-13,,,,,,,,,5.74
2005-01-20,,,,,,,,,5.67
2005-01-27,,,,,,,,,5.66
2005-02-01,163.344,2.5,,5.4,170.4,294955.0,,2207.0,
2005-02-03,,,,,,,,,5.63
2005-02-10,,,,,,,,,5.57
2005-02-17,,,,,,,,,5.62
2005-02-24,,,,,,,,,5.69
2005-03-01,165.813,2.63,,5.2,170.0,295149.0,,1864.0,
2005-03-03,,,,,,,,,5.79
2005-03-10,,,,,,,,,5.85
2005-03-17,,,,,,,,,5.95
2005-03-24,,,,,,,,,6.01
2005-03-31,,,,,,,,,6.04
2005-04-01,167.502,2.79,2.0,5.2,170.0,295359.0,,2061.0,
2005-04-07,,,,,,,,,5.93
2005-04-14,,,,,,,,,5.91
2005-04-21,,,,,,,,,5.8
2005-04-28,,,,,,,,,5.78
2005-05-01,169.351,3.0,,5.1,168.1,295582.0,,2025.0,
2005-05-05,,,,,,,,,5.75
2005-05-12,,,,,,,,,5.77
2005-05-19,,,,,,,,,5.71
2005-05-26,,,,,,,,,5.65
2005-06-01,171.19099999999997,3.04,,5.0,167.8,295824.0,,2068.0,
2005-06-02,,,,,,,,,5.62
2005-06-09,,,,,,,,,5.56
2005-06-16,,,,,,,,,5.63
2005-06-23,,,,,,,,,5.57
2005-06-30,,,,,,,,,5.53
2005-07-01,172.86,3.26,3.2,5.0,167.2,296077.0,,2054.0,
2005-07-07,,,,,,,,,5.62
2005-07-14,,,,,,,,,5.66
2005-07-21,,,,,,,,,5.73
2005-07-28,,,,,,,,,5.77
2005-08-01,174.442,3.5,,4.9,165.9,296338.0,,2095.0,
2005-08-04,,,,,,,,,5.82
2005-08-11,,,,,,,,,5.89
2005-08-18,,,,,,,,,5.8
2005-08-25,,,,,,,,,5.77
2005-09-01,176.437,3.62,,5.0,168.9,296606.0,,2151.0,5.71
2005-09-08,,,,,,,,,5.71
2005-09-15,,,,,,,,,5.74
2005-09-22,,,,,,,,,5.8
2005-09-29,,,,,,,,,5.91
2005-10-01,178.02700000000002,3.78,2.2,5.0,171.6,296857.0,,2065.0,
2005-10-06,,,,,,,,,5.98
2005-10-13,,,,,,,,,6.03
2005-10-20,,,,,,,,,6.1
2005-10-27,,,,,,,,,6.15
2005-11-01,179.68,4.0,,5.0,172.7,297089.0,,2147.0,
2005-11-03,,,,,,,,,6.31
2005-11-10,,,,,,,,,6.36
2005-11-17,,,,,,,,,6.37
2005-11-23,,,,,,,,,6.28
2005-12-01,180.91,4.16,,4.9,173.5,297311.0,,1994.0,6.26
2005-12-08,,,,,,,,,6.32
2005-12-15,,,,,,,,,6.3
2005-12-22,,,,,,,,,6.26
2005-12-29,,,,,,,,,6.22
2006-01-01,182.32,4.29,5.5,4.7,177.2,297526.0,58410.0,2273.0,
2006-01-05,,,,,,,,,6.21
2006-01-12,,,,,,,,,6.15
2006-01-19,,,,,,,,,6.1
2006-01-26,,,,,,,,,6.12
2006-02-01,183.287,4.49,,4.8,177.7,297734.0,,2119.0,
2006-02-02,,,,,,,,,6.23
2006-02-09,,,,,,,,,6.24
2006-02-16,,,,,,,,,6.28
2006-02-23,,,,,,,,,6.26
2006-03-01,184.365,4.59,,4.7,178.3,297950.0,,1969.0,
2006-03-02,,,,,,,,,6.24
2006-03-09,,,,,,,,,6.37
2006-03-16,,,,,,,,,6.34
2006-03-23,,,,,,,,,6.32
2006-03-30,,,,,,,,,6.35
2006-04-01,184.328,4.79,1.0,4.7,179.0,298170.0,,1821.0,
2006-04-06,,,,,,,,,6.43
2006-04-13,,,,,,,,,6.49
2006-04-20,,,,,,,,,6.53
2006-04-27,,,,,,,,,6.58
2006-05-01,184.155,4.94,,4.6,179.9,298401.0,,1942.0,
2006-05-04,,,,,,,,,6.59
2006-05-11,,,,,,,,,6.58
2006-05-18,,,,,,,,,6.6
2006-05-25,,,,,,,,,6.62
2006-06-01,183.507,4.99,,4.6,180.7,298653.0,,1802.0,6.67
2006-06-08,,,,,,,,,6.62
2006-06-15,,,,,,,,,6.63
2006-06-22,,,,,,,,,6.71
2006-06-29,,,,,,,,,6.78
2006-07-01,183.06599999999997,5.24,0.6,4.7,182.3,298910.0,,1737.0,
2006-07-06,,,,,,,,,6.79
2006-07-13,,,,,,,,,6.74
2006-07-20,,,,,,,,,6.8
2006-07-27,,,,,,,,,6.72
2006-08-01,182.593,5.25,,4.7,182.6,299178.0,,1650.0,
2006-08-03,,,,,,,,,6.63
2006-08-10,,,,,,,,,6.55
2006-08-17,,,,,,,,,6.52
2006-08-24,,,,,,,,,6.48
2006-08-31,,,,,,,,,6.44
2006-09-01,182.798,5.25,,4.5,183.3,299452.0,,1720.0,
2006-09-07,,,,,,,,,6.47
2006-09-14,,,,,,,,,6.43
2006-09-21,,,,,,,,,6.4
2006-09-28,,,,,,,,,6.31
2006-10-01,183.197,5.25,3.5,4.4,182.3,299710.0,,1491.0,
2006-10-05,,,,,,,,,6.3
2006-10-12,,,,,,,,,6.37
2006-10-19,,,,,,,,,6.36
2006-10-26,,,,,,,,,6.4
2006-11-01,183.608,5.25,,4.5,179.8,299950.0,,1570.0,
2006-11-02,,,,,,,,,6.31
2006-11-09,,,,,,,,,6.33
2006-11-16,,,,,,,,,6.24
2006-11-22,,,,,,,,,6.18
2006-11-30,,,,,,,,,6.14
2006-12-01,184.138,5.24,,4.4,179.8,300178.0,,1649.0,
2006-12-07,,,,,,,,,6.11
2006-12-14,,,,,,,,,6.12
2006-12-21,,,,,,,,,6.13
2006-12-28,,,,,,,,,6.18
2007-01-01,184.516,5.25,1.2,4.6,181.1,300398.0,61360.0,1409.0,
2007-01-04,,,,,,,,,6.18
2007-01-11,,,,,,,,,6.21
2007-01-18,,,,,,,,,6.23
2007-01-25,,,,,,,,,6.25
2007-02-01,184.59799999999998,5.26,,4.5,181.5,300608.0,,1480.0,6.34
2007-02-08,,,,,,,,,6.28
2007-02-15,,,,,,,,,6.3
2007-02-22,,,,,,,,,6.22
2007-03-01,184.15,5.26,,4.4,182.5,300823.0,,1495.0,6.18
2007-03-08,,,,,,,,,6.14
2007-03-15,,,,,,,,,6.14
2007-03-22,,,,,,,,,6.16
2007-03-29,,,,,,,,,6.16
2007-04-01,183.01,5.25,2.5,4.5,183.7,301045.0,,1490.0,
2007-04-05,,,,,,,,,6.17
2007-04-12,,,,,,,,,6.22
2007-04-19,,,,,,,,,6.17
2007-04-26,,,,,,,,,6.16
2007-05-01,181.6,5.25,,4.4,184.0,301278.0,,1415.0,
2007-05-03,,,,,,,,,6.16
2007-05-10,,,,,,,,,6.15
2007-05-17,,,,,,,,,6.21
2007-05-24,,,,,,,,,6.37
2007-05-31,,,,,,,,,6.42
2007-06-01,180.253,5.25,,4.6,184.0,301528.0,,1448.0,
2007-06-07,,,,,,,,,6.53
2007-06-14,,,,,,,,,6.74
2007-06-21,,,,,,,,,6.69
2007-06-28,,,,,,,,,6.67
2007-07-01,179.11,5.26,2.3,4.7,184.2,301790.0,,1354.0,
2007-07-05,,,,,,,,,6.63
2007-07-12,,,,,,,,,6.73
2007-07-19,,,,,,,,,6.73
2007-07-26,,,,,,,,,6.69
2007-08-01,178.11599999999999,5.02,,4.6,183.9,302064.0,,1330.0,
2007-08-02,,,,,,,,,6.68
2007-08-09,,,,,,,,,6.59
2007-08-16,,,,,,,,,6.62
2007-08-23,,,,,,,,,6.52
2007-08-30,,,,,,,,,6.45
2007-09-01,177.55700000000002,4.94,,4.7,183.4,302334.0,,1183.0,
2007-09-06,,,,,,,,,6.46
2007-09-13,,,,,,,,,6.31
2007-09-20,,,,,,,,,6.34
2007-09-27,,,,,,,,,6.42
2007-10-01,176.623,4.76,2.5,4.7,183.0,302590.0,,1264.0,
2007-10-04,,,,,,,,,6.37
2007-10-11,,,,,,,,,6.4
2007-10-18,,,,,,,,,6.4
2007-10-25,,,,,,,,,6.33
2007-11-01,175.146,4.49,,4.7,183.3,302834.0,,1197.0,6.26
2007-11-08,,,,,,,,,6.24
2007-11-15,,,,,,,,,6.24
2007-11-21,,,,,,,,,6.2
2007-11-29,,,,,,,,,6.1
2007-12-01,174.34099999999998,4.24,,5.0,183.5,303062.0,,1037.0,
2007-12-06,,,,,,,,,5.96
2007-12-13,,,,,,,,,6.11
2007-12-20,,,,,,,,,6.14
2007-12-27,,,,,,,,,6.17
2008-01-01,173.13099999999997,3.94,-1.7,5.0,184.3,303280.0,61520.0,1084.0,
2008-01-03,,,,,,,,,6.07
2008-01-10,,,,,,,,,5.87
2008-01-17,,,,,,,,,5.69
2008-01-24,,,,,,,,,5.48
2008-01-31,,,,,,,,,5.68
2008-02-01,171.53900000000002,2.98,,4.9,185.7,303494.0,,1103.0,
2008-02-07,,,,,,,,,5.67
2008-02-14,,,,,,,,,5.72
2008-02-21,,,,,,,,,6.04
2008-02-28,,,,,,,,,6.24
2008-03-01,170.05200000000002,2.61,,5.1,187.8,303707.0,,1005.0,
2008-03-06,,,,,,,,,6.03
2008-03-13,,,,,,,,,6.13
2008-03-20,,,,,,,,,5.87
2008-03-27,,,,,,,,,5.85
2008-04-01,168.33700000000002,2.28,2.4,5.0,190.9,303926.0,,1013.0,
2008-04-03,,,,,,,,,5.88
2008-04-10,,,,,,,,,5.88
2008-04-17,,,,,,,,,5.88
2008-04-24,,,,,,,,,6.03
2008-05-01,166.658,1.98,,5.4,195.8,304157.0,,973.0,6.06
2008-05-08,,,,,,,,,6.05
2008-05-15,,,,,,,,,6.01
2008-05-22,,,,,,,,,5.98
2008-05-29,,,,,,,,,6.08
2008-06-01,165.016,2.0,,5.6,200.4,304396.0,,1046.0,
2008-06-05,,,,,,,,,6.09
2008-06-12,,,,,,,,,6.32
2008-06-19,,,,,,,,,6.42
2008-06-26,,,,,,,,,6.45
2008-07-01,163.564,2.01,-2.1,5.8,203.4,304646.0,,923.0,
2008-07-03,,,,,,,,,6.35
2008-07-10,,,,,,,,,6.37
2008-07-17,,,,,,,,,6.26
2008-07-24,,,,,,,,,6.63
2008-07-31,,,,,,,,,6.52
2008-08-01,161.986,2.0,,6.1,206.5,304903.0,,844.0,
2008-08-07,,,,,,,,,6.52
2008-08-14,,,,,,,,,6.52
2008-08-21,,,,,,,,,6.47
2008-08-28,,,,,,,,,6.4
2008-09-01,160.30700000000002,1.81,,6.1,206.3,305158.0,,820.0,
2008-09-04,,,,,,,,,6.35
2008-09-11,,,,,,,,,5.93
2008-09-18,,,,,,,,,5.78
2008-09-25,,,,,,,,,6.09
2008-10-01,158.326,0.97,-8.5,6.5,201.8,305403.0,,777.0,
2008-10-02,,,,,,,,,6.1
2008-10-09,,,,,,,,,5.94
2008-10-16,,,,,,,,,6.46
2008-10-23,,,,,,,,,6.04
2008-10-30,,,,,,,,,6.46
2008-11-01,156.141,0.39,,6.8,199.6,305620.0,,652.0,
2008-11-06,,,,,,,,,6.2
2008-11-13,,,,,,,,,6.14
2008-11-20,,,,,,,,,6.04
2008-11-26,,,,,,,,,5.97
2008-12-01,153.618,0.16,,7.3,194.8,305827.0,,560.0,
2008-12-04,,,,,,,,,5.53
2008-12-11,,,,,,,,,5.47
2008-12-18,,,,,,,,,5.19
2008-12-24,,,,,,,,,5.14
2008-12-31,,,,,,,,,5.1
2009-01-01,151.506,0.15,-4.5,7.8,193.3,306035.0,60090.0,490.0,
2009-01-08,,,,,,,,,5.01
2009-01-15,,,,,,,,,4.96
2009-01-22,,,,,,,,,5.12
2009-01-29,,,,,,,,,5.1
2009-02-01,150.014,0.22,,8.3,191.2,306237.0,,582.0,
2009-02-05,,,,,,,,,5.25
2009-02-12,,,,,,,,,5.16
2009-02-19,,,,,,,,,5.04
2009-02-26,,,,,,,,,5.07
2009-03-01,148.659,0.18,,8.7,190.2,306438.0,,505.0,
2009-03-05,,,,,,,,,5.15
2009-03-12,,,,,,,,,5.03
2009-03-19,,,,,,,,,4.98
2009-03-26,,,,,,,,,4.85
2009-04-01,147.947,0.15,-0.7,9.0,188.1,306645.0,,478.0,
2009-04-02,,,,,,,,,4.78
2009-04-09,,,,,,,,,4.87
2009-04-16,,,,,,,,,4.82
2009-04-23,,,,,,,,,4.8
2009-04-30,,,,,,,,,4.78
2009-05-01,147.69299999999998,0.18,,9.4,186.9,306863.0,,540.0,
2009-05-07,,,,,,,,,4.84
2009-05-14,,,,,,,,,4.86
2009-05-21,,,,,,,,,4.82
2009-05-28,,,,,,,,,4.91
2009-06-01,148.088,0.21,,9.5,187.1,307090.0,,585.0,
2009-06-04,,,,,,,,,5.29
2009-06-11,,,,,,,,,5.59
2009-06-18,,,,,,,,,5.38
2009-06-25,,,,,,,,,5.42
2009-07-01,148.408,0.16,1.4,9.5,187.6,307322.0,,594.0,
2009-07-02,,,,,,,,,5.32
2009-07-09,,,,,,,,,5.2
2009-07-16,,,,,,,,,5.14
2009-07-23,,,,,,,,,5.2
2009-07-30,,,,,,,,,5.25
2009-08-01,148.27700000000002,0.16,,9.6,188.1,307570.0,,586.0,
2009-08-06,,,,,,,,,5.22
2009-08-13,,,,,,,,,5.29
2009-08-20,,,,,,,,,5.12
2009-08-27,,,,,,,,,5.14
2009-09-01,148.024,0.15,,9.8,189.3,307826.0,,585.0,
2009-09-03,,,,,,,,,5.08
2009-09-10,,,,,,,,,5.07
2009-09-17,,,,,,,,,5.04
2009-09-24,,,,,,,,,5.04
2009-10-01,147.85,0.12,4.4,10.0,189.7,308071.0,,534.0,4.94
2009-10-08,,,,,,,,,4.87
2009-10-15,,,,,,,,,4.92
2009-10-22,,,,,,,,,5.0
2009-10-29,,,,,,,,,5.03
2009-11-01,148.136,0.12,,9.9,189.2,308289.0,,588.0,
2009-11-05,,,,,,,,,4.98
2009-11-12,,,,,,,,,4.91
2009-11-19,,,,,,,,,4.83
2009-11-25,,,,,,,,,4.78
2009-12-01,147.93,0.12,,9.9,189.4,308495.0,,581.0,
2009-12-03,,,,,,,,,4.71
2009-12-10,,,,,,,,,4.81
2009-12-17,,,,,,,,,4.94
2009-12-24,,,,,,,,,5.05
2009-12-31,,,,,,,,,5.14
2010-01-01,147.39600000000002,0.11,1.9,9.8,190.3,308706.0,60240.0,614.0,
2010-01-07,,,,,,,,,5.09
2010-01-14,,,,,,,,,5.06
2010-01-21,,,,,,,,,4.99
2010-01-28,,,,,,,,,4.98
2010-02-01,145.631,0.13,,9.8,192.2,308904.0,,604.0,
2010-02-04,,,,,,,,,5.01
2010-02-11,,,,,,,,,4.97
2010-02-18,,,,,,,,,4.93
2010-02-25,,,,,,,,,5.05
2010-03-01,145.858,0.16,,9.9,193.7,309095.0,,636.0,
2010-03-04,,,,,,,,,4.97
2010-03-11,,,,,,,,,4.95
2010-03-18,,,,,,,,,4.96
2010-03-25,,,,,,,,,4.99
2010-04-01,146.401,0.2,3.9,9.9,196.5,309289.0,,687.0,5.08
2010-04-08,,,,,,,,,5.21
2010-04-15,,,,,,,,,5.07
2010-04-22,,,,,,,,,5.07
2010-04-29,,,,,,,,,5.06
2010-05-01,146.392,0.2,,9.6,198.9,309485.0,,583.0,
2010-05-06,,,,,,,,,5.0
2010-05-13,,,,,,,,,4.93
2010-05-20,,,,,,,,,4.84
2010-05-27,,,,,,,,,4.78
2010-06-01,145.719,0.18,,9.4,197.2,309691.0,,536.0,
2010-06-03,,,,,,,,,4.79
2010-06-10,,,,,,,,,4.72
2010-06-17,,,,,,,,,4.75
2010-06-24,,,,,,,,,4.69
2010-07-01,144.987,0.18,3.1,9.4,195.6,309913.0,,546.0,4.58
2010-07-08,,,,,,,,,4.57
2010-07-15,,,,,,,,,4.57
2010-07-22,,,,,,,,,4.56
2010-07-29,,,,,,,,,4.54
2010-08-01,143.912,0.19,,9.5,194.1,310146.0,,599.0,
2010-08-05,,,,,,,,,4.49
2010-08-12,,,,,,,,,4.44
2010-08-19,,,,,,,,,4.42
2010-08-26,,,,,,,,,4.36
2010-09-01,143.015,0.19,,9.5,193.9,310385.0,,594.0,
2010-09-02,,,,,,,,,4.32
2010-09-09,,,,,,,,,4.35
2010-09-16,,,,,,,,,4.37
2010-09-23,,,,,,,,,4.37
2010-09-30,,,,,,,,,4.32
2010-10-01,142.526,0.19,2.1,9.4,193.8,310612.0,,543.0,
2010-10-07,,,,,,,,,4.27
2010-10-14,,,,,,,,,4.19
2010-10-21,,,,,,,,,4.21
2010-10-28,,,,,,,,,4.23
2010-11-01,142.167,0.19,,9.8,193.6,310820.0,,545.0,
2010-11-04,,,,,,,,,4.24
2010-11-11,,,,,,,,,4.17
2010-11-18,,,,,,,,,4.39
2010-11-24,,,,,,,,,4.4
2010-12-01,142.054,0.18,,9.3,194.2,311020.0,,539.0,
2010-12-02,,,,,,,,,4.46
2010-12-09,,,,,,,,,4.61
2010-12-16,,,,,,,,,4.83
2010-12-23,,,,,,,,,4.81
2010-12-30,,,,,,,,,4.86
2011-01-01,141.516,0.17,-0.9,9.1,195.9,311204.0,60970.0,630.0,
2011-01-06,,,,,,,,,4.77
2011-01-13,,,,,,,,,4.71
2011-01-20,,,,,,,,,4.74
2011-01-27,,,,,,,,,4.8
2011-02-01,140.343,0.16,,9.0,198.1,311373.0,,517.0,
2011-02-03,,,,,,,,,4.81
2011-02-10,,,,,,,,,5.05
2011-02-17,,,,,,,,,5.0
2011-02-24,,,,,,,,,4.95
2011-03-01,139.975,0.14,,9.0,199.7,311551.0,,600.0,
2011-03-03,,,,,,,,,4.87
2011-03-10,,,,,,,,,4.88
2011-03-17,,,,,,,,,4.76
2011-03-24,,,,,,,,,4.81
2011-03-31,,,,,,,,,4.86
2011-04-01,140.007,0.1,2.7,9.1,201.1,311740.0,,554.0,
2011-04-07,,,,,,,,,4.87
2011-04-14,,,,,,,,,4.91
2011-04-21,,,,,,,,,4.8
2011-04-28,,,,,,,,,4.78
2011-05-01,139.903,0.09,,9.0,201.6,311935.0,,561.0,
2011-05-05,,,,,,,,,4.71
2011-05-12,,,,,,,,,4.63
2011-05-19,,,,,,,,,4.61
2011-05-26,,,,,,,,,4.6
2011-06-01,139.86,0.09,,9.1,201.9,312147.0,,608.0,
2011-06-02,,,,,,,,,4.55
2011-06-09,,,,,,,,,4.49
2011-06-16,,,,,,,,,4.5
2011-06-23,,,,,,,,,4.5
2011-06-30,,,,,,,,,4.51
2011-07-01,139.72799999999998,0.07,-0.1,9.0,202.6,312372.0,,623.0,
2011-07-07,,,,,,,,,4.6
2011-07-14,,,,,,,,,4.51
2011-07-21,,,,,,,,,4.52
2011-07-28,,,,,,,,,4.55
2011-08-01,139.308,0.1,,9.0,202.8,312605.0,,585.0,
2011-08-04,,,,,,,,,4.39
2011-08-11,,,,,,,,,4.32
2011-08-18,,,,,,,,,4.15
2011-08-25,,,,,,,,,4.22
2011-09-01,138.667,0.08,,9.0,202.7,312842.0,,650.0,4.22
2011-09-08,,,,,,,,,4.12
2011-09-15,,,,,,,,,4.09
2011-09-22,,,,,,,,,4.09
2011-09-29,,,,,,,,,4.01
2011-10-01,137.951,0.07,4.6,8.8,202.7,313060.0,,610.0,
2011-10-06,,,,,,,,,3.94
2011-10-13,,,,,,,,,4.12
2011-10-20,,,,,,,,,4.11
2011-10-27,,,,,,,,,4.1
2011-11-01,137.15,0.08,,8.6,202.2,313260.0,,711.0,
2011-11-03,,,,,,,,,4.0
2011-11-10,,,,,,,,,3.99
2011-11-17,,,,,,,,,4.0
2011-11-23,,,,,,,,,3.98
2011-12-01,136.672,0.07,,8.5,202.2,313454.0,,694.0,4.0
2011-12-08,,,,,,,,,3.99
2011-12-15,,,,,,,,,3.94
2011-12-22,,,,,,,,,3.91
2011-12-29,,,,,,,,,3.95
2012-01-01,136.606,0.08,3.4,8.3,203.9,313636.0,62240.0,723.0,
2012-01-05,,,,,,,,,3.91
2012-01-12,,,,,,,,,3.89
2012-01-19,,,,,,,,,3.88
2012-01-26,,,,,,,,,3.98
2012-02-01,136.531,0.1,,8.3,205.1,313811.0,,704.0,
2012-02-02,,,,,,,,,3.87
2012-02-09,,,,,,,,,3.87
2012-02-16,,,,,,,,,3.87
2012-02-23,,,,,,,,,3.95
2012-03-01,137.90200000000002,0.13,,8.2,205.7,313993.0,,695.0,3.9
2012-03-08,,,,,,,,,3.88
2012-03-15,,,,,,,,,3.92
2012-03-22,,,,,,,,,4.08
2012-03-29,,,,,,,,,3.99
2012-04-01,139.151,0.14,1.8,8.2,206.3,314176.0,,753.0,
2012-04-05,,,,,,,,,3.98
2012-04-12,,,,,,,,,3.88
2012-04-19,,,,,,,,,3.9
2012-04-26,,,,,,,,,3.88
2012-05-01,140.15200000000002,0.16,,8.2,206.5,314368.0,,708.0,
2012-05-03,,,,,,,,,3.84
2012-05-10,,,,,,,,,3.83
2012-05-17,,,,,,,,,3.79
2012-05-24,,,,,,,,,3.78
2012-05-31,,,,,,,,,3.75
2012-06-01,141.028,0.16,,8.2,206.6,314576.0,,757.0,
2012-06-07,,,,,,,,,3.67
2012-06-14,,,,,,,,,3.71
2012-06-21,,,,,,,,,3.66
2012-06-28,,,,,,,,,3.66
2012-07-01,141.66899999999998,0.16,0.6,8.2,206.2,314796.0,,740.0,
2012-07-05,,,,,,,,,3.62
2012-07-12,,,,,,,,,3.56
2012-07-19,,,,,,,,,3.53
2012-07-26,,,,,,,,,3.49
2012-08-01,142.278,0.13,,8.1,205.5,315031.0,,754.0,
2012-08-02,,,,,,,,,3.55
2012-08-09,,,,,,,,,3.59
2012-08-16,,,,,,,,,3.62
2012-08-23,,,,,,,,,3.66
2012-08-30,,,,,,,,,3.59
2012-09-01,142.906,0.14,,7.8,206.6,315264.0,,847.0,
2012-09-06,,,,,,,,,3.55
2012-09-13,,,,,,,,,3.55
2012-09-20,,,,,,,,,3.49
2012-09-27,,,,,,,,,3.4
2012-10-01,143.597,0.16,0.5,7.8,205.5,315485.0,,915.0,
2012-10-04,,,,,,,,,3.36
2012-10-11,,,,,,,,,3.39
2012-10-18,,,,,,,,,3.37
2012-10-25,,,,,,,,,3.41
2012-11-01,144.58,0.16,,7.7,205.6,315692.0,,833.0,3.39
2012-11-08,,,,,,,,,3.4
2012-11-15,,,,,,,,,3.34
2012-11-21,,,,,,,,,3.31
2012-11-29,,,,,,,,,3.32
2012-12-01,145.497,0.16,,7.9,206.4,315877.0,,976.0,
2012-12-06,,,,,,,,,3.34
2012-12-13,,,,,,,,,3.32
2012-12-20,,,,,,,,,3.37
2012-12-27,,,,,,,,,3.35
2013-01-01,146.82299999999998,0.14,4.0,8.0,208.4,316038.0,65470.0,888.0,
2013-01-03,,,,,,,,,3.34
2013-01-10,,,,,,,,,3.4
2013-01-17,,,,,,,,,3.38
2013-01-24,,,,,,,,,3.42
2013-01-31,,,,,,,,,3.53
2013-02-01,147.781,0.15,,7.7,209.1,316191.0,,962.0,
2013-02-07,,,,,,,,,3.53
2013-02-14,,,,,,,,,3.53
2013-02-21,,,,,,,,,3.56
2013-02-28,,,,,,,,,3.51
2013-03-01,149.96,0.14,,7.5,209.8,316357.0,,1010.0,
2013-03-07,,,,,,,,,3.52
2013-03-14,,,,,,,,,3.63
2013-03-21,,,,,,,,,3.54
2013-03-28,,,,,,,,,3.57
2013-04-01,151.517,0.15,1.1,7.6,210.7,316535.0,,835.0,
2013-04-04,,,,,,,,,3.54
2013-04-11,,,,,,,,,3.43
2013-04-18,,,,,,,,,3.41
2013-04-25,,,,,,,,,3.4
2013-05-01,152.849,0.11,,7.5,209.5,316729.0,,930.0,
2013-05-02,,,,,,,,,3.35
2013-05-09,,,,,,,,,3.42
2013-05-16,,,,,,,,,3.51
2013-05-23,,,,,,,,,3.59
2013-05-30,,,,,,,,,3.81
2013-06-01,154.19899999999998,0.09,,7.5,208.8,316934.0,,839.0,
2013-06-06,,,,,,,,,3.91
2013-06-13,,,,,,,,,3.98
2013-06-20,,,,,,,,,3.93
2013-06-27,,,,,,,,,4.46
2013-07-01,155.60399999999998,0.09,3.5,7.3,208.3,317156.0,,880.0,
2013-07-03,,,,,,,,,4.29
2013-07-11,,,,,,,,,4.51
2013-07-18,,,,,,,,,4.37
2013-07-25,,,,,,,,,4.31
2013-08-01,156.961,0.08,,7.2,208.9,317397.0,,917.0,4.39
2013-08-08,,,,,,,,,4.4
2013-08-15,,,,,,,,,4.4
2013-08-22,,,,,,,,,4.58
2013-08-29,,,,,,,,,4.51
2013-09-01,158.22299999999998,0.08,,7.2,208.9,317635.0,,850.0,
2013-09-05,,,,,,,,,4.57
2013-09-12,,,,,,,,,4.57
2013-09-19,,,,,,,,,4.5
2013-09-26,,,,,,,,,4.32
2013-10-01,159.239,0.09,3.5,7.2,209.3,317864.0,,925.0,
2013-10-03,,,,,,,,,4.22
2013-10-10,,,,,,,,,4.23
2013-10-17,,,,,,,,,4.28
2013-10-24,,,,,,,,,4.13
2013-10-31,,,,,,,,,4.1
2013-11-01,160.07299999999998,0.08,,6.9,209.8,318076.0,,1100.0,
2013-11-07,,,,,,,,,4.16
2013-11-14,,,,,,,,,4.35
2013-11-21,,,,,,,,,4.22
2013-11-27,,,,,,,,,4.29
2013-12-01,160.99200000000002,0.09,,6.7,209.8,318276.0,,1002.0,
2013-12-05,,,,,,,,,4.46
2013-12-12,,,,,,,,,4.42
2013-12-19,,,,,,,,,4.47
2013-12-26,,,,,,,,,4.48
2014-01-01,161.923,0.07,-1.4,6.6,211.7,318464.0,66630.0,888.0,
2014-01-02,,,,,,,,,4.53
2014-01-09,,,,,,,,,4.51
2014-01-16,,,,,,,,,4.41
2014-01-23,,,,,,,,,4.39
2014-01-30,,,,,,,,,4.32
2014-02-01,162.52100000000002,0.07,,6.7,212.7,318642.0,,944.0,
2014-02-06,,,,,,,,,4.23
2014-02-13,,,,,,,,,4.28
2014-02-20,,,,,,,,,4.33
2014-02-27,,,,,,,,,4.37
2014-03-01,163.08100000000002,0.08,,6.7,213.4,318827.0,,970.0,
2014-03-06,,,,,,,,,4.28
2014-03-13,,,,,,,,,4.37
2014-03-20,,,,,,,,,4.32
2014-03-27,,,,,,,,,4.4
2014-04-01,163.387,0.09,5.3,6.2,213.6,319020.0,,1043.0,
2014-04-03,,,,,,,,,4.41
2014-04-10,,,,,,,,,4.34
2014-04-17,,,,,,,,,4.27
2014-04-24,,,,,,,,,4.33
2014-05-01,163.655,0.09,,6.3,214.3,319225.0,,1007.0,4.29
2014-05-08,,,,,,,,,4.21
2014-05-15,,,,,,,,,4.2
2014-05-22,,,,,,,,,4.14
2014-05-29,,,,,,,,,4.12
2014-06-01,164.065,0.1,,6.1,214.5,319438.0,,911.0,
2014-06-05,,,,,,,,,4.14
2014-06-12,,,,,,,,,4.2
2014-06-19,,,,,,,,,4.17
2014-06-26,,,,,,,,,4.14
2014-07-01,164.585,0.09,5.0,6.2,214.8,319670.0,,1085.0,
2014-07-03,,,,,,,,,4.12
2014-07-10,,,,,,,,,4.15
2014-07-17,,,,,,,,,4.13
2014-07-24,,,,,,,,,4.13
2014-07-31,,,,,,,,,4.12
2014-08-01,165.21099999999998,0.09,,6.1,215.5,319919.0,,984.0,
2014-08-07,,,,,,,,,4.14
2014-08-14,,,,,,,,,4.12
2014-08-21,,,,,,,,,4.1
2014-08-28,,,,,,,,,4.1
2014-09-01,165.90099999999998,0.09,,5.9,215.7,320166.0,,1023.0,
2014-09-04,,,,,,,,,4.1
2014-09-11,,,,,,,,,4.12
2014-09-18,,,,,,,,,4.23
2014-09-25,,,,,,,,,4.2
2014-10-01,166.637,0.09,2.0,5.7,215.9,320403.0,,1074.0,
2014-10-02,,,,,,,,,4.19
2014-10-09,,,,,,,,,4.12
2014-10-16,,,,,,,,,3.97
2014-10-23,,,,,,,,,3.92
2014-10-30,,,,,,,,,3.98
2014-11-01,167.331,0.09,,5.8,215.8,320616.0,,1001.0,
2014-11-06,,,,,,,,,4.02
2014-11-13,,,,,,,,,4.01
2014-11-20,,,,,,,,,3.99
2014-11-26,,,,,,,,,3.97
2014-12-01,168.045,0.12,,5.6,215.5,320815.0,,1073.0,
2014-12-04,,,,,,,,,3.89
2014-12-11,,,,,,,,,3.93
2014-12-18,,,,,,,,,3.8
2014-12-24,,,,,,,,,3.83
2014-12-31,,,,,,,,,3.87
2015-01-01,168.625,0.11,3.6,5.7,215.8,320997.0,70700.0,1085.0,
2015-01-08,,,,,,,,,3.73
2015-01-15,,,,,,,,,3.66
2015-01-22,,,,,,,,,3.63
2015-01-29,,,,,,,,,3.66
2015-02-01,169.122,0.11,,5.5,215.3,321164.0,,886.0,
2015-02-05,,,,,,,,,3.59
2015-02-12,,,,,,,,,3.69
2015-02-19,,,,,,,,,3.76
2015-02-26,,,,,,,,,3.8
2015-03-01,169.793,0.11,,5.4,215.0,321344.0,,960.0,
2015-03-05,,,,,,,,,3.75
2015-03-12,,,,,,,,,3.86
2015-03-19,,,,,,,,,3.78
2015-03-26,,,,,,,,,3.69
2015-04-01,170.292,0.12,2.5,5.4,214.5,321538.0,,1190.0,
2015-04-02,,,,,,,,,3.7
2015-04-09,,,,,,,,,3.66
2015-04-16,,,,,,,,,3.67
2015-04-23,,,,,,,,,3.65
2015-04-30,,,,,,,,,3.68
2015-05-01,170.875,0.12,,5.6,213.7,321740.0,,1079.0,
2015-05-07,,,,,,,,,3.8
2015-05-14,,,,,,,,,3.85
2015-05-21,,,,,,,,,3.84
2015-05-28,,,,,,,,,3.87
2015-06-01,171.476,0.13,,5.3,213.7,321954.0,,1205.0,
2015-06-04,,,,,,,,,3.87
2015-06-11,,,,,,,,,4.04
2015-06-18,,,,,,,,,4.0
2015-06-25,,,,,,,,,4.02
2015-07-01,172.146,0.13,1.6,5.2,213.7,322186.0,,1146.0,
2015-07-02,,,,,,,,,4.08
2015-07-09,,,,,,,,,4.04
2015-07-16,,,,,,,,,4.09
2015-07-23,,,,,,,,,4.04
2015-07-30,,,,,,,,,3.98
2015-08-01,172.93,0.14,,5.1,213.3,322427.0,,1130.0,
2015-08-06,,,,,,,,,3.91
2015-08-13,,,,,,,,,3.94
2015-08-20,,,,,,,,,3.93
2015-08-27,,,,,,,,,3.84
2015-09-01,173.82299999999998,0.14,,5.0,212.5,322670.0,,1224.0,
2015-09-03,,,,,,,,,3.89
2015-09-10,,,,,,,,,3.9
2015-09-17,,,,,,,,,3.91
2015-09-24,,,,,,,,,3.86
2015-10-01,174.787,0.12,0.7,5.0,212.4,322901.0,,1058.0,3.85
2015-10-08,,,,,,,,,3.76
2015-10-15,,,,,,,,,3.82
2015-10-22,,,,,,,,,3.79
2015-10-29,,,,,,,,,3.76
2015-11-01,175.733,0.12,,5.1,211.7,323113.0,,1172.0,
2015-11-05,,,,,,,,,3.87
2015-11-12,,,,,,,,,3.98
2015-11-19,,,,,,,,,3.97
2015-11-25,,,,,,,,,3.95
2015-12-01,176.53599999999997,0.24,,5.0,210.9,323318.0,,1146.0,
2015-12-03,,,,,,,,,3.93
2015-12-10,,,,,,,,,3.95
2015-12-17,,,,,,,,,3.97
2015-12-24,,,,,,,,,3.96
2015-12-31,,,,,,,,,4.01
2016-01-01,177.261,0.34,2.3,4.8,211.4,323509.0,72710.0,1092.0,
2016-01-07,,,,,,,,,3.97
2016-01-14,,,,,,,,,3.92
2016-01-21,,,,,,,,,3.81
2016-01-28,,,,,,,,,3.79
2016-02-01,177.639,0.38,,4.9,211.3,323687.0,,1225.0,
2016-02-04,,,,,,,,,3.72
2016-02-11,,,,,,,,,3.65
2016-02-18,,,,,,,,,3.65
2016-02-25,,,,,,,,,3.62
2016-03-01,178.15599999999998,0.36,,5.0,211.6,323871.0,,1111.0,
2016-03-03,,,,,,,,,3.64
2016-03-10,,,,,,,,,3.68
2016-03-17,,,,,,,,,3.73
2016-03-24,,,,,,,,,3.71
2016-03-31,,,,,,,,,3.71
2016-04-01,178.757,0.37,1.3,5.1,212.7,324061.0,,1163.0,
2016-04-07,,,,,,,,,3.59
2016-04-14,,,,,,,,,3.58
2016-04-21,,,,,,,,,3.59
2016-04-28,,,,,,,,,3.66
2016-05-01,179.419,0.37,,4.8,213.7,324260.0,,1148.0,
2016-05-05,,,,,,,,,3.61
2016-05-12,,,,,,,,,3.57
2016-05-19,,,,,,,,,3.58
2016-05-26,,,,,,,,,3.64
2016-06-01,180.088,0.38,,4.9,214.6,324476.0,,1203.0,
2016-06-02,,,,,,,,,3.66
2016-06-09,,,,,,,,,3.6
2016-06-16,,,,,,,,,3.54
2016-06-23,,,,,,,,,3.56
2016-06-30,,,,,,,,,3.48
2016-07-01,180.847,0.39,2.9,4.8,215.3,324697.0,,1239.0,
2016-07-07,,,,,,,,,3.41
2016-07-14,,,,,,,,,3.42
2016-07-21,,,,,,,,,3.45
2016-07-28,,,,,,,,,3.48
2016-08-01,181.83599999999998,0.4,,4.9,216.0,324924.0,,1171.0,
2016-08-04,,,,,,,,,3.43
2016-08-11,,,,,,,,,3.45
2016-08-18,,,,,,,,,3.43
2016-08-25,,,,,,,,,3.43
2016-09-01,182.81,0.4,,5.0,215.3,325155.0,,1068.0,3.46
2016-09-08,,,,,,,,,3.44
2016-09-15,,,,,,,,,3.5
2016-09-22,,,,,,,,,3.48
2016-09-29,,,,,,,,,3.42
2016-10-01,183.738,0.4,2.2,4.9,214.8,325368.0,,1313.0,
2016-10-06,,,,,,,,,3.42
2016-10-13,,,,,,,,,3.47
2016-10-20,,,,,,,,,3.52
2016-10-27,,,,,,,,,3.47
2016-11-01,184.748,0.41,,4.7,214.5,325562.0,,1140.0,
2016-11-03,,,,,,,,,3.54
2016-11-10,,,,,,,,,3.57
2016-11-17,,,,,,,,,3.94
2016-11-23,,,,,,,,,4.03
2016-12-01,185.71,0.54,,4.7,215.5,325742.0,,1252.0,4.08
2016-12-08,,,,,,,,,4.13
2016-12-15,,,,,,,,,4.16
2016-12-22,,,,,,,,,4.3
2016-12-29,,,,,,,,,4.32
2017-01-01,186.792,0.65,2.0,4.7,217.3,325901.0,76140.0,1190.0,
2017-01-05,,,,,,,,,4.2
2017-01-12,,,,,,,,,4.12
2017-01-19,,,,,,,,,4.09
2017-01-26,,,,,,,,,4.19
2017-02-01,187.31,0.66,,4.6,218.8,326050.0,,1271.0,
2017-02-02,,,,,,,,,4.19
2017-02-09,,,,,,,,,4.17
2017-02-16,,,,,,,,,4.15
2017-02-23,,,,,,,,,4.16
2017-03-01,187.988,0.79,,4.4,219.7,326207.0,,1190.0,
2017-03-02,,,,,,,,,4.1
2017-03-09,,,,,,,,,4.21
2017-03-16,,,,,,,,,4.3
2017-03-23,,,,,,,,,4.23
2017-03-30,,,,,,,,,4.14
2017-04-01,188.71900000000002,0.9,2.3,4.4,221.0,326371.0,,1146.0,
2017-04-06,,,,,,,,,4.1
2017-04-13,,,,,,,,,4.08
2017-04-20,,,,,,,,,3.97
2017-04-27,,,,,,,,,4.03
2017-05-01,189.607,0.91,,4.4,221.7,326548.0,,1157.0,
2017-05-04,,,,,,,,,4.02
2017-05-11,,,,,,,,,4.05
2017-05-18,,,,,,,,,4.02
2017-05-25,,,,,,,,,3.95
2017-06-01,190.516,1.04,,4.3,221.9,326743.0,,1249.0,3.94
2017-06-08,,,,,,,,,3.89
2017-06-15,,,,,,,,,3.91
2017-06-22,,,,,,,,,3.9
2017-06-29,,,,,,,,,3.88
2017-07-01,191.46200000000002,1.15,3.2,4.3,221.9,326939.0,,1206.0,
2017-07-06,,,,,,,,,3.96
2017-07-13,,,,,,,,,4.03
2017-07-20,,,,,,,,,3.96
2017-07-27,,,,,,,,,3.92
2017-08-01,192.646,1.16,,4.4,222.4,327140.0,,1159.0,
2017-08-03,,,,,,,,,3.93
2017-08-10,,,,,,,,,3.9
2017-08-17,,,,,,,,,3.89
2017-08-24,,,,,,,,,3.86
2017-08-31,,,,,,,,,3.82
2017-09-01,193.74099999999999,1.15,,4.3,223.1,327342.0,,1181.0,
2017-09-07,,,,,,,,,3.78
2017-09-14,,,,,,,,,3.78
2017-09-21,,,,,,,,,3.83
2017-09-28,,,,,,,,,3.83
2017-10-01,194.78799999999998,1.15,4.6,4.2,223.9,327528.0,,1257.0,
2017-10-05,,,,,,,,,3.85
2017-10-12,,,,,,,,,3.91
2017-10-19,,,,,,,,,3.88
2017-10-26,,,,,,,,,3.94
2017-11-01,195.94099999999997,1.16,,4.2,223.9,327699.0,,1273.0,
2017-11-02,,,,,,,,,3.94
2017-11-09,,,,,,,,,3.9
2017-11-16,,,,,,,,,3.95
2017-11-22,,,,,,,,,3.92
2017-11-30,,,,,,,,,3.9
2017-12-01,197.16099999999997,1.3,,4.1,224.1,327848.0,,1177.0,
2017-12-07,,,,,,,,,3.94
2017-12-14,,,,,,,,,3.93
2017-12-21,,,,,,,,,3.94
2017-12-28,,,,,,,,,3.99
2018-01-01,198.301,1.41,3.3,4.0,225.8,327969.0,78650.0,1299.0,
2018-01-04,,,,,,,,,3.95
2018-01-11,,,,,,,,,3.99
2018-01-18,,,,,,,,,4.04
2018-01-25,,,,,,,,,4.15
2018-02-01,199.22799999999998,1.42,,4.1,228.7,328085.0,,1277.0,4.22
2018-02-08,,,,,,,,,4.32
2018-02-15,,,,,,,,,4.38
2018-02-22,,,,,,,,,4.4
2018-03-01,199.96599999999998,1.51,,4.0,231.3,328219.0,,1318.0,4.43
2018-03-08,,,,,,,,,4.46
2018-03-15,,,,,,,,,4.44
2018-03-22,,,,,,,,,4.45
2018-03-29,,,,,,,,,4.44
2018-04-01,200.66099999999997,1.69,2.1,4.0,232.4,328364.0,,1276.0,
2018-04-05,,,,,,,,,4.4
2018-04-12,,,,,,,,,4.42
2018-04-19,,,,,,,,,4.47
2018-04-26,,,,,,,,,4.58
2018-05-01,201.424,1.7,,3.8,236.8,328521.0,,1357.0,
2018-05-03,,,,,,,,,4.55
2018-05-10,,,,,,,,,4.55
2018-05-17,,,,,,,,,4.61
2018-05-24,,,,,,,,,4.66
2018-05-31,,,,,,,,,4.56
2018-06-01,202.239,1.82,,4.0,239.2,328692.0,,1192.0,
2018-06-07,,,,,,,,,4.54
2018-06-14,,,,,,,,,4.62
2018-06-21,,,,,,,,,4.57
2018-06-28,,,,,,,,,4.55
2018-07-01,202.91,1.91,2.5,3.8,239.6,328863.0,,1208.0,
2018-07-05,,,,,,,,,4.52
2018-07-12,,,,,,,,,4.53
2018-07-19,,,,,,,,,4.52
2018-07-26,,,,,,,,,4.54
2018-08-01,203.65599999999998,1.91,,3.8,239.4,329040.0,,1288.0,
2018-08-02,,,,,,,,,4.6
2018-08-09,,,,,,,,,4.59
2018-08-16,,,,,,,,,4.53
2018-08-23,,,,,,,,,4.51
2018-08-30,,,,,,,,,4.52
2018-09-01,204.313,1.95,,3.7,240.0,329216.0,,1250.0,
2018-09-06,,,,,,,,,4.54
2018-09-13,,,,,,,,,4.6
2018-09-20,,,,,,,,,4.65
2018-09-27,,,,,,,,,4.72
2018-10-01,205.079,2.19,0.6,3.8,238.7,329379.0,,1221.0,
2018-10-04,,,,,,,,,4.71
2018-10-11,,,,,,,,,4.9
2018-10-18,,,,,,,,,4.85
2018-10-25,,,,,,,,,4.86
2018-11-01,205.65200000000002,2.2,,3.8,238.8,329527.0,,1181.0,4.83
2018-11-08,,,,,,,,,4.94
2018-11-15,,,,,,,,,4.94
2018-11-21,,,,,,,,,4.81
2018-11-29,,,,,,,,,4.81
2018-12-01,206.142,2.27,,3.9,238.3,329659.0,,1095.0,
2018-12-06,,,,,,,,,4.75
2018-12-13,,,,,,,,,4.63
2018-12-20,,,,,,,,,4.62
2018-12-27,,,,,,,,,4.55
2019-01-01,206.535,2.4,2.2,4.0,238.5,329766.0,86010.0,1226.0,
2019-01-03,,,,,,,,,4.51
2019-01-10,,,,,,,,,4.45
2019-01-17,,,,,,,,,4.45
2019-01-24,,,,,,,,,4.45
2019-01-31,,,,,,,,,4.46
2019-02-01,206.86,2.4,,3.8,238.1,329862.0,,1121.0,
2019-02-07,,,,,,,,,4.41
2019-02-14,,,,,,,,,4.37
2019-02-21,,,,,,,,,4.35
2019-02-28,,,,,,,,,4.35
2019-03-01,207.08,2.41,,3.8,238.1,329977.0,,1191.0,
2019-03-07,,,,,,,,,4.41
2019-03-14,,,,,,,,,4.31
2019-03-21,,,,,,,,,4.28
2019-03-28,,,,,,,,,4.06
2019-04-01,207.533,2.42,3.4,3.7,237.2,330103.0,,1272.0,
2019-04-04,,,,,,,,,4.08
2019-04-11,,,,,,,,,4.12
2019-04-18,,,,,,,,,4.17
2019-04-25,,,,,,,,,4.2
2019-05-01,208.15,2.39,,3.6,237.3,330240.0,,1293.0,
2019-05-02,,,,,,,,,4.14
2019-05-09,,,,,,,,,4.1
2019-05-16,,,,,,,,,4.07
2019-05-23,,,,,,,,,4.06
2019-05-30,,,,,,,,,3.99
2019-06-01,208.644,2.38,,3.6,236.3,330393.0,,1243.0,
2019-06-06,,,,,,,,,3.82
2019-06-13,,,,,,,,,3.82
2019-06-20,,,,,,,,,3.84
2019-06-27,,,,,,,,,3.73
2019-07-01,209.24900000000002,2.4,4.6,3.7,235.6,330553.0,,1240.0,
2019-07-03,,,,,,,,,3.75
2019-07-11,,,,,,,,,3.75
2019-07-18,,,,,,,,,3.81
2019-07-25,,,,,,,,,3.75
2019-08-01,210.023,2.13,,3.6,234.4,330729.0,,1375.0,3.75
2019-08-08,,,,,,,,,3.6
2019-08-15,,,,,,,,,3.6
2019-08-22,,,,,,,,,3.55
2019-08-29,,,,,,,,,3.58
2019-09-01,210.83599999999998,2.04,,3.5,234.4,330904.0,,1311.0,
2019-09-05,,,,,,,,,3.49
2019-09-12,,,,,,,,,3.56
2019-09-19,,,,,,,,,3.73
2019-09-26,,,,,,,,,3.64
2019-10-01,211.729,1.83,2.6,3.6,233.8,331066.0,,1325.0,
2019-10-03,,,,,,,,,3.65
2019-10-10,,,,,,,,,3.57
2019-10-17,,,,,,,,,3.69
2019-10-24,,,,,,,,,3.75
2019-10-31,,,,,,,,,3.78
2019-11-01,212.771,1.55,,3.6,232.8,331213.0,,1353.0,
2019-11-07,,,,,,,,,3.69
2019-11-14,,,,,,,,,3.75
2019-11-21,,,,,,,,,3.66
2019-11-27,,,,,,,,,3.68
2019-12-01,213.938,1.55,,3.6,232.2,331345.0,,1548.0,
2019-12-05,,,,,,,,,3.68
2019-12-12,,,,,,,,,3.73
2019-12-19,,,,,,,,,3.73
2019-12-26,,,,,,,,,3.74
2020-01-01,215.03099999999998,1.55,-5.3,3.6,233.4,331443.0,84350.0,1578.0,
2020-01-02,,,,,,,,,3.72
2020-01-09,,,,,,,,,3.64
2020-01-16,,,,,,,,,3.65
2020-01-23,,,,,,,,,3.6
2020-01-30,,,,,,,,,3.51
2020-02-01,215.89700000000002,1.58,,3.5,234.6,331525.0,,1537.0,
2020-02-06,,,,,,,,,3.45
2020-02-13,,,,,,,,,3.47
2020-02-20,,,,,,,,,3.49
2020-02-27,,,,,,,,,3.45
2020-03-01,216.457,0.65,,4.4,236.3,331642.0,,1252.0,
2020-03-05,,,,,,,,,3.29
2020-03-12,,,,,,,,,3.36
2020-03-19,,,,,,,,,3.65
2020-03-26,,,,,,,,,3.5
2020-04-01,216.858,0.05,-28.0,14.8,234.3,331699.0,,931.0,
2020-04-02,,,,,,,,,3.33
2020-04-09,,,,,,,,,3.33
2020-04-16,,,,,,,,,3.31
2020-04-23,,,,,,,,,3.33
2020-04-30,,,,,,,,,3.23
2020-05-01,216.99900000000002,0.05,,13.2,233.3,331701.0,,1053.0,
2020-05-07,,,,,,,,,3.26
2020-05-14,,,,,,,,,3.28
2020-05-21,,,,,,,,,3.24
2020-05-28,,,,,,,,,3.15
2020-06-01,217.577,0.08,,11.0,234.8,331744.0,,1254.0,
2020-06-04,,,,,,,,,3.18
2020-06-11,,,,,,,,,3.21
2020-06-18,,,,,,,,,3.13
2020-06-25,,,,,,,,,3.13
2020-07-01,219.287,0.09,34.8,10.2,237.0,331811.0,,1523.0,
2020-07-02,,,,,,,,,3.07
2020-07-09,,,,,,,,,3.03
2020-07-16,,,,,,,,,2.98
2020-07-23,,,,,,,,,3.01
2020-07-30,,,,,,,,,2.99
2020-08-01,222.26,0.1,,8.4,240.9,331885.0,,1401.0,
2020-08-06,,,,,,,,,2.88
2020-08-13,,,,,,,,,2.96
2020-08-20,,,,,,,,,2.99
2020-08-27,,,,,,,,,2.91
2020-09-01,225.72299999999998,0.09,,7.8,246.9,331966.0,,1463.0,
2020-09-03,,,,,,,,,2.93
2020-09-10,,,,,,,,,2.86
2020-09-17,,,,,,,,,2.87
2020-09-24,,,,,,,,,2.9
2020-10-01,229.649,0.09,4.2,6.8,246.4,332041.0,,1543.0,2.88
2020-10-08,,,,,,,,,2.87
2020-10-15,,,,,,,,,2.81
2020-10-22,,,,,,,,,2.8
2020-10-29,,,,,,,,,2.81
2020-11-01,233.218,0.09,,6.7,244.3,332079.0,,1553.0,
2020-11-05,,,,,,,,,2.78
2020-11-12,,,,,,,,,2.84
2020-11-19,,,,,,,,,2.72
2020-11-25,,,,,,,,,2.72
2020-12-01,236.542,0.09,,6.7,248.0,332062.0,,1635.0,
2020-12-03,,,,,,,,,2.71
2020-12-10,,,,,,,,,2.71
2020-12-17,,,,,,,,,2.67
2020-12-24,,,,,,,,,2.66
2020-12-31,,,,,,,,,2.67
2021-01-01,239.68,0.09,5.2,6.4,256.4,332007.0,88590.0,1639.0,
2021-01-07,,,,,,,,,2.65
2021-01-14,,,,,,,,,2.79
2021-01-21,,,,,,,,,2.77
2021-01-28,,,,,,,,,2.73
2021-02-01,242.428,0.08,,6.2,264.6,331983.0,,1407.0,
2021-02-04,,,,,,,,,2.73
2021-02-11,,,,,,,,,2.73
2021-02-18,,,,,,,,,2.81
2021-02-25,,,,,,,,,2.97
2021-03-01,245.541,0.07,,6.1,276.7,332023.0,,1668.0,
2021-03-04,,,,,,,,,3.02
2021-03-11,,,,,,,,,3.05
2021-03-18,,,,,,,,,3.09
2021-03-25,,,,,,,,,3.17
2021-04-01,249.125,0.07,6.2,6.1,291.8,332089.0,,1492.0,3.18
2021-04-08,,,,,,,,,3.13
2021-04-15,,,,,,,,,3.04
2021-04-22,,,,,,,,,2.97
2021-04-29,,,,,,,,,2.98
2021-05-01,253.419,0.06,,5.8,305.9,332161.0,,1607.0,
2021-05-06,,,,,,,,,2.96
2021-05-13,,,,,,,,,2.94
2021-05-20,,,,,,,,,3.0
2021-05-27,,,,,,,,,2.95
2021-06-01,258.246,0.08,,5.9,315.7,332249.0,,1638.0,
2021-06-03,,,,,,,,,2.99
2021-06-10,,,,,,,,,2.96
2021-06-17,,,,,,,,,2.93
2021-06-24,,,,,,,,,3.02
2021-07-01,262.616,0.1,3.3,5.4,313.542,332375.0,,1600.0,2.98
2021-07-08,,,,,,,,,2.9
2021-07-15,,,,,,,,,2.88
2021-07-22,,,,,,,,,2.78
2021-07-29,,,,,,,,,2.8
2021-08-01,266.582,0.09,,5.1,313.083,332506.0,,1595.0,
2021-08-05,,,,,,,,,2.77
2021-08-12,,,,,,,,,2.87
2021-08-19,,,,,,,,,2.86
2021-08-26,,,,,,,,,2.87
2021-09-01,270.166,0.08,,4.7,317.136,332610.0,,1563.0,
2021-09-02,,,,,,,,,2.87
2021-09-09,,,,,,,,,2.88
2021-09-16,,,,,,,,,2.86
2021-09-23,,,,,,,,,2.88
2021-09-30,,,,,,,,,3.01
2021-10-01,273.546,0.08,7.0,4.5,322.12,332708.0,,1587.0,
2021-10-07,,,,,,,,,2.99
2021-10-14,,,,,,,,,3.05
2021-10-21,,,,,,,,,3.09
2021-10-28,,,,,,,,,3.14
2021-11-01,277.262,0.08,,4.1,328.94,332806.0,,1704.0,
2021-11-04,,,,,,,,,3.09
2021-11-10,,,,,,,,,2.98
2021-11-18,,,,,,,,,3.1
2021-11-24,,,,,,,,,3.1
2021-12-01,281.486,0.08,,3.9,335.032,332891.0,,1757.0,
2021-12-02,,,,,,,,,3.11
2021-12-09,,,,,,,,,3.1
2021-12-16,,,,,,,,,3.12
2021-12-23,,,,,,,,,3.05
2021-12-30,,,,,,,,,3.11
2022-01-01,286.172,0.08,-2.0,4.0,345.742,332933.0,92750.0,1712.0,
2022-01-06,,,,,,,,,3.22
2022-01-13,,,,,,,,,3.45
2022-01-20,,,,,,,,,3.56
2022-01-27,,,,,,,,,3.55
2022-02-01,291.242,0.08,,3.8,343.583,332972.0,,1742.0,
2022-02-03,,,,,,,,,3.55
2022-02-10,,,,,,,,,3.69
2022-02-17,,,,,,,,,3.92
2022-02-24,,,,,,,,,3.89
2022-03-01,296.512,0.2,,3.6,345.852,333067.0,,1678.0,
2022-03-03,,,,,,,,,3.76
2022-03-10,,,,,,,,,3.85
2022-03-17,,,,,,,,,4.16
2022-03-24,,,,,,,,,4.42
2022-03-31,,,,,,,,,4.67
2022-04-01,300.584,0.33,-0.6,3.7,343.786,333191.0,,1828.0,
2022-04-07,,,,,,,,,4.72
2022-04-14,,,,,,,,,5.0
2022-04-21,,,,,,,,,5.11
2022-04-28,,,,,,,,,5.1
2022-05-01,303.704,0.77,,3.6,353.015,333317.0,,1540.0,
2022-05-05,,,,,,,,,5.27
2022-05-12,,,,,,,,,5.3
2022-05-19,,,,,,,,,5.25
2022-05-26,,,,,,,,,5.1
2022-06-01,304.468,1.21,,3.6,349.8,333451.0,,1542.0,
2022-06-02,,,,,,,,,5.09
2022-06-09,,,,,,,,,5.23
2022-06-16,,,,,,,,,5.78
2022-06-23,,,,,,,,,5.81
2022-06-30,,,,,,,,,5.7
2022-07-01,303.505,1.68,2.7,3.5,346.79,333599.0,,1392.0,
2022-07-07,,,,,,,,,5.3
2022-07-14,,,,,,,,,5.51
2022-07-21,,,,,,,,,5.54
2022-07-28,,,,,,,,,5.3
2022-08-01,301.029,2.33,,3.6,342.753,333762.0,,1520.0,
2022-08-04,,,,,,,,,4.99
2022-08-11,,,,,,,,,5.22
2022-08-18,,,,,,,,,5.13
2022-08-25,,,,,,,,,5.55
2022-09-01,299.006,2.56,,3.5,336.464,333925.0,,1470.0,5.66
2022-09-08,,,,,,,,,5.89
2022-09-15,,,,,,,,,6.02
2022-09-22,,,,,,,,,6.29
2022-09-29,,,,,,,,,6.7
2022-10-01,298.612,3.08,2.6,3.6,333.796,334071.0,,1440.0,
2022-10-06,,,,,,,,,6.66
2022-10-13,,,,,,,,,6.92
2022-10-20,,,,,,,,,6.94
2022-10-27,,,,,,,,,7.08
2022-11-01,298.332,3.78,,3.6,330.369,334206.0,,1420.0,
2022-11-03,,,,,,,,,6.95
2022-11-10,,,,,,,,,7.08
2022-11-17,,,,,,,,,6.61
2022-11-23,,,,,,,,,6.58
2022-12-01,297.628,4.1,,3.5,326.449,334326.0,,1340.0,6.49
2022-12-08,,,,,,,,,6.33
2022-12-15,,,,,,,,,6.31
2022-12-22,,,,,,,,,6.27
2022-12-29,,,,,,,,,6.42
2023-01-01,297.43,4.33,2.2,3.4,327.338,334433.0,,1361.0,
2023-01-05,,,,,,,,,6.48
2023-01-12,,,,,,,,,6.33
2023-01-19,,,,,,,,,6.15
2023-01-26,,,,,,,,,6.13
2023-02-01,297.73900000000003,4.57,,3.6,330.532,334544.0,,1404.0,
2023-02-02,,,,,,,,,6.09
2023-02-09,,,,,,,,,6.12
2023-02-16,,,,,,,,,6.32
2023-02-23,,,,,,,,,6.5
2023-03-01,298.796,4.65,,3.5,331.729,334664.0,,1342.0,
2023-03-02,,,,,,,,,6.65
2023-03-09,,,,,,,,,6.73
2023-03-16,,,,,,,,,6.6
2023-03-23,,,,,,,,,6.42
2023-03-30,,,,,,,,,6.32
2023-04-01,300.262,4.83,2.1,3.4,333.366,334792.0,,1368.0,
2023-04-06,,,,,,,,,6.28
2023-04-13,,,,,,,,,6.27
2023-04-20,,,,,,,,,6.39
2023-04-27,,,,,,,,,6.43
2023-05-01,302.48900000000003,5.06,,3.7,337.473,334929.0,,1583.0,
2023-05-04,,,,,,,,,6.39
2023-05-11,,,,,,,,,6.35
2023-05-18,,,,,,,,,6.39
2023-05-25,,,,,,,,,6.57
2023-06-01,304.343,5.08,,3.6,337.336,335080.0,,1415.0,6.79
2023-06-08,,,,,,,,,6.71
2023-06-15,,,,,,,,,6.69
2023-06-22,,,,,,,,,6.67
2023-06-29,,,,,,,,,6.71
2023-07-01,306.45099999999996,5.12,4.9,3.5,334.512,335248.0,,1473.0,
2023-07-06,,,,,,,,,6.81
2023-07-13,,,,,,,,,6.96
2023-07-20,,,,,,,,,6.78
2023-07-27,,,,,,,,,6.81
2023-08-01,308.83,5.33,,3.8,333.794,335431.0,,1305.0,
2023-08-03,,,,,,,,,6.9
2023-08-10,,,,,,,,,6.96
2023-08-17,,,,,,,,,7.09
2023-08-24,,,,,,,,,7.23
2023-08-31,,,,,,,,,7.18
2023-09-01,310.894,5.33,,3.8,332.098,335612.0,,1363.0,
2023-09-07,,,,,,,,,7.12
2023-09-14,,,,,,,,,7.18
2023-09-21,,,,,,,,,7.19
2023-09-28,,,,,,,,,7.31
2023-10-01,312.756,5.33,3.4,3.8,328.743,335773.0,,1365.0,
2023-10-05,,,,,,,,,7.49
2023-10-12,,,,,,,,,7.57
2023-10-19,,,,,,,,,7.63
2023-10-26,,,,,,,,,7.79
2023-11-01,313.632,5.33,,3.7,326.844,335925.0,,1510.0,
2023-11-02,,,,,,,,,7.76
2023-11-09,,,,,,,,,7.5
2023-11-16,,,,,,,,,7.44
2023-11-22,,,,,,,,,7.29
2023-11-30,,,,,,,,,7.22
2023-12-01,314.443,5.33,,3.7,327.644,336070.0,,1568.0,
2023-12-07,,,,,,,,,7.03
2023-12-14,,,,,,,,,6.95
2023-12-21,,,,,,,,,6.67
2023-12-28,,,,,,,,,6.61
2024-01-01,315.728,5.33,1.4,3.7,334.374,336194.0,,1376.0,
2024-01-04,,,,,,,,,6.62
2024-01-11,,,,,,,,,6.66
2024-01-18,,,,,,,,,6.6
2024-01-25,,,,,,,,,6.69
2024-02-01,317.257,5.33,,3.9,337.766,336306.0,,1546.0,6.63
2024-02-08,,,,,,,,,6.64
2024-02-15,,,,,,,,,6.77
2024-02-22,,,,,,,,,6.9
2024-02-29,,,,,,,,,6.94
2024-03-01,318.217,5.33,,3.8,330.965,336423.0,,1299.0,
2024-03-07,,,,,,,,,6.88
2024-03-14,,,,,,,,,6.74
2024-03-21,,,,,,,,,6.87
2024-03-28,,,,,,,,,6.79
2024-04-01,319.048,5.33,,3.9,330.166,336550.0,,1377.0,
2024-04-04,,,,,,,,,6.82
2024-04-11,,,,,,,,,6.88
2024-04-18,,,,,,,,,7.1
2024-04-25,,,,,,,,,7.17
2024-05-01,,5.33,,4.0,329.342,336687.0,,1314.0,
2024-05-02,,,,,,,,,7.22
2024-05-09,,,,,,,,,7.09
2024-05-16,,,,,,,,,7.02
2024-05-23,,,,,,,,,6.94
2024-05-30,,,,,,,,,7.03
2024-06-01,,5.33,,4.1,328.995,,,1353.0,
2024-06-06,,,,,,,,,6.99
2024-06-13,,,,,,,,,6.95
2024-06-20,,,,,,,,,6.87
2024-06-27,,,,,,,,,6.86
2024-07-03,,,,,,,,,6.95
2024-07-11,,,,,,,,,6.89
2024-07-18,,,,,,,,,6.77
